{
  "model_name": "XGBoost",
  "timestamp": "20250720_160929",
  "performance_metrics": {
    "accuracy": 0.9993504441557529,
    "precision": 0.7747747747747747,
    "recall": 0.8775510204081632,
    "f1": 0.8229665071770335,
    "auc": 0.979011504714435,
    "best_params": {
      "learning_rate": 0.2,
      "max_depth": 6,
      "n_estimators": 100
    },
    "training_time": 10.081868171691895
  },
  "feature_count": 39,
  "model_type": "XGBClassifier"
}